﻿<?xml version="1.0" encoding="UTF-8" standalone="yes"?>
<addon id="Macgyver.Repository" name="Macgyver.Repository" version="0.0.2" provider-name="Macgyver">
	<extension point="xbmc.addon.repository" name="Add-ons Repository">
		<info compressed="false">http://raw.github.com/Macgyver0/Macgyver.Repository/master/addons.xml</info>
		<checksum>http://raw.github.com/Macgyver0/Macgyver.Repository/master/addons.xml.md5</checksum>
		<datadir zip="true">http://raw.github.com/Macgyver0/Macgyver.Repository/master/repo/</datadir>
	</extension>
	<extension point="xbmc.addon.metadata">
		<summary>Add-ons Repository</summary>
		<description>sempre pelo melhor :-)</description>
		<disclaimer></disclaimer>
		<platform>all</platform>
	</extension>
</addon>